model,f1_mean,f1_std,accuracy_mean,accuracy_std
Dummy,0.0,0.0,0.7591753752640583,7.139372268142951e-05
Random Forest,0.6617184343953866,0.012702159358156623,0.8477812099168389,0.004377075360615209
XGBoost,0.7052363052621886,0.011196545050947627,0.8668227993112467,0.00439072952359709
